dataset,edition,key,value,unit,citation
nga_grid,DCCEEW NGA 2026,AU_NSW,0.6,kg CO2-e/kWh,"DCCEEW (2026) National Greenhouse Accounts Factors 2026 (national-greenhouse-accounts-factors-2026.xlsx and .pdf; ""Canberra, August"", p. 2); 'Table 1'!B4; p. 10; Table 1 Indirect (scope 2 and scope 3) location-based emission factors associated with the consumption and losses of purchased or acquired electricity, row ""New South Wales and Australian Capital Territory"", column ""Scope 2 Emission Factors (kg CO2-e/kWh)""; the 2026 publication (no correction recorded; section 1.2, p. 8: the factors replace those of NGA 2025)"
nga_grid,DCCEEW NGA 2026,AU_VIC,0.74,kg CO2-e/kWh,"DCCEEW (2026) National Greenhouse Accounts Factors 2026 (national-greenhouse-accounts-factors-2026.xlsx and .pdf; ""Canberra, August"", p. 2); 'Table 1'!B5; p. 10; Table 1 Indirect (scope 2 and scope 3) location-based emission factors associated with the consumption and losses of purchased or acquired electricity, row ""Victoria"", column ""Scope 2 Emission Factors (kg CO2-e/kWh)""; the 2026 publication (no correction recorded; section 1.2, p. 8: the factors replace those of NGA 2025)"
nga_grid,DCCEEW NGA 2026,AU_QLD,0.65,kg CO2-e/kWh,"DCCEEW (2026) National Greenhouse Accounts Factors 2026 (national-greenhouse-accounts-factors-2026.xlsx and .pdf; ""Canberra, August"", p. 2); 'Table 1'!B6; p. 10; Table 1 Indirect (scope 2 and scope 3) location-based emission factors associated with the consumption and losses of purchased or acquired electricity, row ""Queensland"", column ""Scope 2 Emission Factors (kg CO2-e/kWh)""; the 2026 publication (no correction recorded; section 1.2, p. 8: the factors replace those of NGA 2025)"
nga_grid,DCCEEW NGA 2026,AU_SA,0.21,kg CO2-e/kWh,"DCCEEW (2026) National Greenhouse Accounts Factors 2026 (national-greenhouse-accounts-factors-2026.xlsx and .pdf; ""Canberra, August"", p. 2); 'Table 1'!B7; p. 10; Table 1 Indirect (scope 2 and scope 3) location-based emission factors associated with the consumption and losses of purchased or acquired electricity, row ""South Australia"", column ""Scope 2 Emission Factors (kg CO2-e/kWh)""; the 2026 publication (no correction recorded; section 1.2, p. 8: the factors replace those of NGA 2025)"
nga_grid,DCCEEW NGA 2026,AU_WA,0.45,kg CO2-e/kWh,"DCCEEW (2026) National Greenhouse Accounts Factors 2026 (national-greenhouse-accounts-factors-2026.xlsx and .pdf; ""Canberra, August"", p. 2); 'Table 1'!B8; p. 10; Table 1 Indirect (scope 2 and scope 3) location-based emission factors associated with the consumption and losses of purchased or acquired electricity, row ""Western Australia - South West Interconnected System (SWIS)"", column ""Scope 2 Emission Factors (kg CO2-e/kWh)""; the 2026 publication (no correction recorded; section 1.2, p. 8: the factors replace those of NGA 2025)"
nga_grid,DCCEEW NGA 2026,AU_TAS,0.21,kg CO2-e/kWh,"DCCEEW (2026) National Greenhouse Accounts Factors 2026 (national-greenhouse-accounts-factors-2026.xlsx and .pdf; ""Canberra, August"", p. 2); 'Table 1'!B10; p. 10; Table 1 Indirect (scope 2 and scope 3) location-based emission factors associated with the consumption and losses of purchased or acquired electricity, row ""Tasmania"", column ""Scope 2 Emission Factors (kg CO2-e/kWh)""; the 2026 publication (no correction recorded; section 1.2, p. 8: the factors replace those of NGA 2025)"
nga_grid,DCCEEW NGA 2026,AU_NT,0.55,kg CO2-e/kWh,"DCCEEW (2026) National Greenhouse Accounts Factors 2026 (national-greenhouse-accounts-factors-2026.xlsx and .pdf; ""Canberra, August"", p. 2); 'Table 1'!B11; p. 10; Table 1 Indirect (scope 2 and scope 3) location-based emission factors associated with the consumption and losses of purchased or acquired electricity, row ""Northern territory - Darwin Katherine Interconnected System (DKIS)"", column ""Scope 2 Emission Factors (kg CO2-e/kWh)""; the 2026 publication (no correction recorded; section 1.2, p. 8: the factors replace those of NGA 2025)"
nga_grid,DCCEEW NGA 2026,AU_AVG,0.59,kg CO2-e/kWh,"DCCEEW (2026) National Greenhouse Accounts Factors 2026 (national-greenhouse-accounts-factors-2026.xlsx and .pdf; ""Canberra, August"", p. 2); 'Table 1'!B12; p. 10; Table 1 Indirect (scope 2 and scope 3) location-based emission factors associated with the consumption and losses of purchased or acquired electricity, row ""National"", column ""Scope 2 Emission Factors (kg CO2-e/kWh)""; the 2026 publication (no correction recorded; section 1.2, p. 8: the factors replace those of NGA 2025)"
nga_residual,DCCEEW NGA 2026,RESIDUAL_AU,0.79,kg CO2-e/kWh,"DCCEEW (2026) National Greenhouse Accounts Factors 2026 (national-greenhouse-accounts-factors-2026.xlsx and .pdf; ""Canberra, August"", p. 2); 'Table 2'!B4; p. 11; Table 2 Indirect (scope 2 and scope 3) market-based emission factors associated with the consumption and losses of purchased or acquired electricity, row ""National"", column ""Scope 2 Emission Factors (kg CO2-e/kWh)""; the 2026 publication (no correction recorded; section 1.2, p. 8: the factors replace those of NGA 2025)"
nga_combustion,DCCEEW NGA 2026,natural_gas_m3,2.025129,kg CO2-e/m3,"DCCEEW (2026) National Greenhouse Accounts Factors 2026 (national-greenhouse-accounts-factors-2026.xlsx and .pdf; ""Canberra, August"", p. 2); 'Energy - Scope 1 '!I26; p. 19; Table 5 Direct (Scope 1) emission factors for the consumption of gaseous fuels including liquefied natural gas, row ""Natural gas distributed in a pipeline"", column ""Energy - Scope 1 sheet, kg CO2-e/m3 (energy content x combined factor, NGA's own column)""; the 2026 publication (no correction recorded; section 1.2, p. 8: the factors replace those of NGA 2025); Workbook ""Energy - Scope 1"" prints 2.025129 kg CO2-e/m3 ('Energy - Scope 1 '!I26, formula =G26*F26: 0.0393 GJ/m3 x 51.53). The PDF table prints only the inputs, which equal the workbook's; their product 0.0393 x 51.53 = 2.025129 agrees."
nga_combustion,DCCEEW NGA 2026,natural_gas_gj,51.53,kg CO2-e/GJ,"DCCEEW (2026) National Greenhouse Accounts Factors 2026 (national-greenhouse-accounts-factors-2026.xlsx and .pdf; ""Canberra, August"", p. 2); 'Table 5'!F5; p. 19; Table 5 Direct (Scope 1) emission factors for the consumption of gaseous fuels including liquefied natural gas, row ""Natural gas distributed in a pipeline"", column ""Scope 1 Emission Factor (kg CO2-e/GJ), Combined gases""; the 2026 publication (no correction recorded; section 1.2, p. 8: the factors replace those of NGA 2025)"
nga_combustion,DCCEEW NGA 2026,diesel_litre,2.70972,kg CO2-e/L,"DCCEEW (2026) National Greenhouse Accounts Factors 2026 (national-greenhouse-accounts-factors-2026.xlsx and .pdf; ""Canberra, August"", p. 2); 'Energy - Scope 1 '!I48; p. 24; Table 8 Direct (Scope 1) and indirect (scope 3) emission factors for the consumption of liquid fuels, including certain petroleum based products for stationary energy purposes, row ""Diesel oil"", column ""Energy - Scope 1 sheet, kg CO2-e/kL (energy content x combined factor, NGA's own column)""; the 2026 publication (no correction recorded; section 1.2, p. 8: the factors replace those of NGA 2025); Workbook ""Energy - Scope 1"" prints 2709.72 kg CO2-e/kL ('Energy - Scope 1 '!I48, formula =G48*F48: 38.6 GJ/kL x 70.2); per litre is per kL / 1,000 = 2.70972. The PDF table prints only the inputs (energy content and per-GJ factors), which equal the workbook's; their product 38.6 x 70.20 = 2709.72 agrees."
nga_combustion,DCCEEW NGA 2026,propane_litre,1.55742,kg CO2-e/L,"DCCEEW (2026) National Greenhouse Accounts Factors 2026 (national-greenhouse-accounts-factors-2026.xlsx and .pdf; ""Canberra, August"", p. 2); 'Energy - Scope 1 '!I52; p. 24; Table 8 Direct (Scope 1) and indirect (scope 3) emission factors for the consumption of liquid fuels, including certain petroleum based products for stationary energy purposes, row ""Liquefied petroleum gas (LPG)"", column ""Energy - Scope 1 sheet, kg CO2-e/kL (energy content x combined factor, NGA's own column)""; the 2026 publication (no correction recorded; section 1.2, p. 8: the factors replace those of NGA 2025); Workbook ""Energy - Scope 1"" prints 1557.42 kg CO2-e/kL ('Energy - Scope 1 '!I52, formula =G52*F52: 25.7 GJ/kL x 60.6); per litre is per kL / 1,000 = 1.55742. The PDF table prints only the inputs (energy content and per-GJ factors), which equal the workbook's; their product 25.7 x 60.60 = 1557.42 agrees."
nga_combustion,DCCEEW NGA 2026,fuel_oil_distillate_litre,2.600929,kg CO2-e/L,"DCCEEW (2026) National Greenhouse Accounts Factors 2026 (national-greenhouse-accounts-factors-2026.xlsx and .pdf; ""Canberra, August"", p. 2); 'Energy - Scope 1 '!I47; p. 24; Table 8 Direct (Scope 1) and indirect (scope 3) emission factors for the consumption of liquid fuels, including certain petroleum based products for stationary energy purposes, row ""Heating oil"", column ""Energy - Scope 1 sheet, kg CO2-e/kL (energy content x combined factor, NGA's own column)""; the 2026 publication (no correction recorded; section 1.2, p. 8: the factors replace those of NGA 2025); Workbook ""Energy - Scope 1"" prints 2600.929 kg CO2-e/kL ('Energy - Scope 1 '!I47, formula =G47*F47: 37.3 GJ/kL x 69.73); per litre is per kL / 1,000 = 2.600929. The PDF table prints only the inputs (energy content and per-GJ factors), which equal the workbook's; their product 37.3 x 69.73 = 2600.929 agrees."
nga_combustion,DCCEEW NGA 2026,fuel_oil_residual_litre,2.931448,kg CO2-e/L,"DCCEEW (2026) National Greenhouse Accounts Factors 2026 (national-greenhouse-accounts-factors-2026.xlsx and .pdf; ""Canberra, August"", p. 2); 'Energy - Scope 1 '!I49; p. 24; Table 8 Direct (Scope 1) and indirect (scope 3) emission factors for the consumption of liquid fuels, including certain petroleum based products for stationary energy purposes, row ""Fuel oil"", column ""Energy - Scope 1 sheet, kg CO2-e/kL (energy content x combined factor, NGA's own column)""; the 2026 publication (no correction recorded; section 1.2, p. 8: the factors replace those of NGA 2025); Workbook ""Energy - Scope 1"" prints 2931.448 kg CO2-e/kL ('Energy - Scope 1 '!I49, formula =G49*F49: 39.7 GJ/kL x 73.84); per litre is per kL / 1,000 = 2.931448. The PDF table prints only the inputs (energy content and per-GJ factors), which equal the workbook's; their product 39.7 x 73.84 = 2931.448 agrees."
nga_mobile,DCCEEW NGA 2026,petrol:energy_content,34.2,GJ/kL,"DCCEEW (2026) National Greenhouse Accounts Factors 2026; 'Table 9'!C5; p. 27; Table 9 Direct (scope 1) and indirect (scope 3) emission factors for the consumption of transport fuels in different transport equipment, row ""Cars and light commercial vehicles, Gasoline"""
nga_mobile,DCCEEW NGA 2026,diesel:energy_content,38.6,GJ/kL,"DCCEEW (2026) National Greenhouse Accounts Factors 2026; 'Table 9'!C6; p. 27; Table 9 Direct (scope 1) and indirect (scope 3) emission factors for the consumption of transport fuels in different transport equipment, row ""Cars and light commercial vehicles, Diesel oil (and every Heavy duty diesel row: Euro iv or higher, Euro iii, Euro i, all 38.6, p.28, 'Table 9'!C17:C19)"""
nga_mobile,DCCEEW NGA 2026,petrol:co2,67.4,kg CO2-e/GJ,"DCCEEW (2026) National Greenhouse Accounts Factors 2026; 'Table 9'!D5 p. 27; Table 9 Direct (scope 1) and indirect (scope 3) emission factors for the consumption of transport fuels in different transport equipment, row ""Cars and light commercial vehicles, Gasoline"", column ""Scope 1 Emission Factor CO2"""
nga_mobile,DCCEEW NGA 2026,diesel:co2,69.9,kg CO2-e/GJ,"DCCEEW (2026) National Greenhouse Accounts Factors 2026; 'Table 9'!D6 p. 27; Table 9 Direct (scope 1) and indirect (scope 3) emission factors for the consumption of transport fuels in different transport equipment, row ""Cars and light commercial vehicles, Diesel oil (and every Heavy duty diesel row, p.28, 'Table 9'!D17:D19, all printed 69.9)"", column ""Scope 1 Emission Factor CO2"""
nga_mobile,DCCEEW NGA 2026,petrol:light:Cars and light commercial vehicles:manufactured 2004 or later:ch4,0.02,kg CO2-e/GJ,"DCCEEW (2026) National Greenhouse Accounts Factors 2026; 'Table 9'!E5, F5 p. 27; Table 9 Direct (scope 1) and indirect (scope 3) emission factors for the consumption of transport fuels in different transport equipment, row ""Cars and light commercial vehicles, Gasoline, manufactured 2004 or later"", column ""Scope 1 Emission Factor (kg CO2-e/GJ): CH4, N2O"""
nga_mobile,DCCEEW NGA 2026,petrol:light:Cars and light commercial vehicles:manufactured 2004 or later:n2o,0.2,kg CO2-e/GJ,"DCCEEW (2026) National Greenhouse Accounts Factors 2026; 'Table 9'!E5, F5 p. 27; Table 9 Direct (scope 1) and indirect (scope 3) emission factors for the consumption of transport fuels in different transport equipment, row ""Cars and light commercial vehicles, Gasoline, manufactured 2004 or later"", column ""Scope 1 Emission Factor (kg CO2-e/GJ): CH4, N2O"""
nga_mobile,DCCEEW NGA 2026,petrol:light:Cars and light commercial vehicles:manufactured prior to 2004:ch4,0.6,kg CO2-e/GJ,"DCCEEW (2026) National Greenhouse Accounts Factors 2026;  p. 29; Table 9 Direct (scope 1) and indirect (scope 3) emission factors for the consumption of transport fuels in different transport equipment, notes, row ""Cars and light commercial vehicles, Gasoline, manufactured prior to 2004"", column ""Scope 1 Emission Factor (kg CO2-e/GJ): CH4, N2O"""
nga_mobile,DCCEEW NGA 2026,petrol:light:Cars and light commercial vehicles:manufactured prior to 2004:n2o,1.6,kg CO2-e/GJ,"DCCEEW (2026) National Greenhouse Accounts Factors 2026;  p. 29; Table 9 Direct (scope 1) and indirect (scope 3) emission factors for the consumption of transport fuels in different transport equipment, notes, row ""Cars and light commercial vehicles, Gasoline, manufactured prior to 2004"", column ""Scope 1 Emission Factor (kg CO2-e/GJ): CH4, N2O"""
nga_mobile,DCCEEW NGA 2026,diesel:light:Cars and light commercial vehicles:manufactured 2004 or later:ch4,0.01,kg CO2-e/GJ,"DCCEEW (2026) National Greenhouse Accounts Factors 2026; 'Table 9'!E6, F6 p. 27; Table 9 Direct (scope 1) and indirect (scope 3) emission factors for the consumption of transport fuels in different transport equipment, row ""Cars and light commercial vehicles, Diesel oil, manufactured 2004 or later"", column ""Scope 1 Emission Factor (kg CO2-e/GJ): CH4, N2O"""
nga_mobile,DCCEEW NGA 2026,diesel:light:Cars and light commercial vehicles:manufactured 2004 or later:n2o,0.5,kg CO2-e/GJ,"DCCEEW (2026) National Greenhouse Accounts Factors 2026; 'Table 9'!E6, F6 p. 27; Table 9 Direct (scope 1) and indirect (scope 3) emission factors for the consumption of transport fuels in different transport equipment, row ""Cars and light commercial vehicles, Diesel oil, manufactured 2004 or later"", column ""Scope 1 Emission Factor (kg CO2-e/GJ): CH4, N2O"""
nga_mobile,DCCEEW NGA 2026,diesel:light:Cars and light commercial vehicles:manufactured prior to 2004:ch4,0.1,kg CO2-e/GJ,"DCCEEW (2026) National Greenhouse Accounts Factors 2026;  p. 29; Table 9 Direct (scope 1) and indirect (scope 3) emission factors for the consumption of transport fuels in different transport equipment, notes, row ""Cars and light commercial vehicles, Diesel oil, manufactured prior to 2004"", column ""Scope 1 Emission Factor (kg CO2-e/GJ): CH4, N2O"""
nga_mobile,DCCEEW NGA 2026,diesel:light:Cars and light commercial vehicles:manufactured prior to 2004:n2o,0.4,kg CO2-e/GJ,"DCCEEW (2026) National Greenhouse Accounts Factors 2026;  p. 29; Table 9 Direct (scope 1) and indirect (scope 3) emission factors for the consumption of transport fuels in different transport equipment, notes, row ""Cars and light commercial vehicles, Diesel oil, manufactured prior to 2004"", column ""Scope 1 Emission Factor (kg CO2-e/GJ): CH4, N2O"""
nga_mobile,DCCEEW NGA 2026,diesel:heavy:Heavy duty vehicles:Euro iv or higher:ch4,0.07,kg CO2-e/GJ,"DCCEEW (2026) National Greenhouse Accounts Factors 2026; 'Table 9'!E17, F17 p. 28; Table 9 Direct (scope 1) and indirect (scope 3) emission factors for the consumption of transport fuels in different transport equipment, row ""Heavy duty vehicles, Diesel oil, Euro iv or higher"", column ""Scope 1 Emission Factor (kg CO2-e/GJ): CH4, N2O"""
nga_mobile,DCCEEW NGA 2026,diesel:heavy:Heavy duty vehicles:Euro iv or higher:n2o,0.4,kg CO2-e/GJ,"DCCEEW (2026) National Greenhouse Accounts Factors 2026; 'Table 9'!E17, F17 p. 28; Table 9 Direct (scope 1) and indirect (scope 3) emission factors for the consumption of transport fuels in different transport equipment, row ""Heavy duty vehicles, Diesel oil, Euro iv or higher"", column ""Scope 1 Emission Factor (kg CO2-e/GJ): CH4, N2O"""
nga_mobile,DCCEEW NGA 2026,diesel:heavy:Heavy duty vehicles:Euro iii:ch4,0.1,kg CO2-e/GJ,"DCCEEW (2026) National Greenhouse Accounts Factors 2026; 'Table 9'!E18, F18 p. 28; Table 9 Direct (scope 1) and indirect (scope 3) emission factors for the consumption of transport fuels in different transport equipment, row ""Heavy duty vehicles, Diesel oil, Euro iii"", column ""Scope 1 Emission Factor (kg CO2-e/GJ): CH4, N2O"""
nga_mobile,DCCEEW NGA 2026,diesel:heavy:Heavy duty vehicles:Euro iii:n2o,0.4,kg CO2-e/GJ,"DCCEEW (2026) National Greenhouse Accounts Factors 2026; 'Table 9'!E18, F18 p. 28; Table 9 Direct (scope 1) and indirect (scope 3) emission factors for the consumption of transport fuels in different transport equipment, row ""Heavy duty vehicles, Diesel oil, Euro iii"", column ""Scope 1 Emission Factor (kg CO2-e/GJ): CH4, N2O"""
nga_mobile,DCCEEW NGA 2026,diesel:heavy:Heavy duty vehicles:Euro i:ch4,0.2,kg CO2-e/GJ,"DCCEEW (2026) National Greenhouse Accounts Factors 2026; 'Table 9'!E19, F19 p. 28; Table 9 Direct (scope 1) and indirect (scope 3) emission factors for the consumption of transport fuels in different transport equipment, row ""Heavy duty vehicles, Diesel oil, Euro i"", column ""Scope 1 Emission Factor (kg CO2-e/GJ): CH4, N2O"""
nga_mobile,DCCEEW NGA 2026,diesel:heavy:Heavy duty vehicles:Euro i:n2o,0.4,kg CO2-e/GJ,"DCCEEW (2026) National Greenhouse Accounts Factors 2026; 'Table 9'!E19, F19 p. 28; Table 9 Direct (scope 1) and indirect (scope 3) emission factors for the consumption of transport fuels in different transport equipment, row ""Heavy duty vehicles, Diesel oil, Euro i"", column ""Scope 1 Emission Factor (kg CO2-e/GJ): CH4, N2O"""
nga_mobile,DCCEEW NGA 2026,petrol:non_road:Equipment not registered for road use (stationary energy purposes):ch4,0.2,kg CO2-e/GJ,"DCCEEW (2026) National Greenhouse Accounts Factors 2026; 'Table 8'!D9, E9 p. 24; Table 8 Direct (Scope 1) and indirect (scope 3) emission factors for the consumption of liquid fuels, including certain petroleum based products for stationary energy purposes, row ""Automotive gasoline/petrol (other than for use as fuel in an aircraft)"", column ""Scope 1 Emission Factor (kg CO2-e/GJ): CH4, N2O"""
nga_mobile,DCCEEW NGA 2026,petrol:non_road:Equipment not registered for road use (stationary energy purposes):n2o,0.2,kg CO2-e/GJ,"DCCEEW (2026) National Greenhouse Accounts Factors 2026; 'Table 8'!D9, E9 p. 24; Table 8 Direct (Scope 1) and indirect (scope 3) emission factors for the consumption of liquid fuels, including certain petroleum based products for stationary energy purposes, row ""Automotive gasoline/petrol (other than for use as fuel in an aircraft)"", column ""Scope 1 Emission Factor (kg CO2-e/GJ): CH4, N2O"""
nga_mobile,DCCEEW NGA 2026,diesel:non_road:Equipment not registered for road use (stationary energy purposes):ch4,0.1,kg CO2-e/GJ,"DCCEEW (2026) National Greenhouse Accounts Factors 2026; 'Table 8'!D14, E14 p. 24; Table 8 Direct (Scope 1) and indirect (scope 3) emission factors for the consumption of liquid fuels, including certain petroleum based products for stationary energy purposes, row ""Diesel oil"", column ""Scope 1 Emission Factor (kg CO2-e/GJ): CH4, N2O"""
nga_mobile,DCCEEW NGA 2026,diesel:non_road:Equipment not registered for road use (stationary energy purposes):n2o,0.2,kg CO2-e/GJ,"DCCEEW (2026) National Greenhouse Accounts Factors 2026; 'Table 8'!D14, E14 p. 24; Table 8 Direct (Scope 1) and indirect (scope 3) emission factors for the consumption of liquid fuels, including certain petroleum based products for stationary energy purposes, row ""Diesel oil"", column ""Scope 1 Emission Factor (kg CO2-e/GJ): CH4, N2O"""
nga_mobile,DCCEEW NGA 2026,petrol:heavy,not printed,,"DCCEEW (2026) National Greenhouse Accounts Factors 2026; no heavy petrol row is printed in Table 9; priced under R16 (IPCC 2006 CH4 and N2O), labelled on the row"
nga_scope3,DCCEEW NGA 2026,electricity:NSW_ACT,0.07,kg CO2-e/kWh,"DCCEEW (2026) National Greenhouse Accounts Factors 2026; C4; p. 10; Table 1 Indirect (scope 2 and scope 3) location-based emission factors associated with the consumption and losses of purchased or acquired electricity, row ""New South Wales and Australian Capital Territory"", column ""Scope 3 Emission Factors (kg CO2-e/kWh)"""
nga_scope3,DCCEEW NGA 2026,electricity:VIC,0.11,kg CO2-e/kWh,"DCCEEW (2026) National Greenhouse Accounts Factors 2026; C5; p. 10; Table 1 Indirect (scope 2 and scope 3) location-based emission factors associated with the consumption and losses of purchased or acquired electricity, row ""Victoria"", column ""Scope 3 Emission Factors (kg CO2-e/kWh)"""
nga_scope3,DCCEEW NGA 2026,electricity:QLD,0.11,kg CO2-e/kWh,"DCCEEW (2026) National Greenhouse Accounts Factors 2026; C6; p. 10; Table 1 Indirect (scope 2 and scope 3) location-based emission factors associated with the consumption and losses of purchased or acquired electricity, row ""Queensland"", column ""Scope 3 Emission Factors (kg CO2-e/kWh)"""
nga_scope3,DCCEEW NGA 2026,electricity:SA,0.03,kg CO2-e/kWh,"DCCEEW (2026) National Greenhouse Accounts Factors 2026; C7; p. 10; Table 1 Indirect (scope 2 and scope 3) location-based emission factors associated with the consumption and losses of purchased or acquired electricity, row ""South Australia"", column ""Scope 3 Emission Factors (kg CO2-e/kWh)"""
nga_scope3,DCCEEW NGA 2026,electricity:WA_SWIS,0.1,kg CO2-e/kWh,"DCCEEW (2026) National Greenhouse Accounts Factors 2026; C8; p. 10; Table 1 Indirect (scope 2 and scope 3) location-based emission factors associated with the consumption and losses of purchased or acquired electricity, row ""Western Australia - South West Interconnected System (SWIS)"", column ""Scope 3 Emission Factors (kg CO2-e/kWh)"""
nga_scope3,DCCEEW NGA 2026,electricity:WA_NWIS,0.09,kg CO2-e/kWh,"DCCEEW (2026) National Greenhouse Accounts Factors 2026; C9; p. 10; Table 1 Indirect (scope 2 and scope 3) location-based emission factors associated with the consumption and losses of purchased or acquired electricity, row ""Western Australia - North Western Interconnected System (NWIS)"", column ""Scope 3 Emission Factors (kg CO2-e/kWh)"""
nga_scope3,DCCEEW NGA 2026,electricity:TAS,0.03,kg CO2-e/kWh,"DCCEEW (2026) National Greenhouse Accounts Factors 2026; C10; p. 10; Table 1 Indirect (scope 2 and scope 3) location-based emission factors associated with the consumption and losses of purchased or acquired electricity, row ""Tasmania"", column ""Scope 3 Emission Factors (kg CO2-e/kWh)"""
nga_scope3,DCCEEW NGA 2026,electricity:NT_DKIS,0.13,kg CO2-e/kWh,"DCCEEW (2026) National Greenhouse Accounts Factors 2026; C11; p. 10; Table 1 Indirect (scope 2 and scope 3) location-based emission factors associated with the consumption and losses of purchased or acquired electricity, row ""Northern territory - Darwin Katherine Interconnected System (DKIS)"", column ""Scope 3 Emission Factors (kg CO2-e/kWh)"""
nga_scope3,DCCEEW NGA 2026,electricity:NATIONAL,0.1,kg CO2-e/kWh,"DCCEEW (2026) National Greenhouse Accounts Factors 2026; C12; p. 10; Table 1 Indirect (scope 2 and scope 3) location-based emission factors associated with the consumption and losses of purchased or acquired electricity, row ""National"", column ""Scope 3 Emission Factors (kg CO2-e/kWh)"""
nga_scope3,DCCEEW NGA 2026,electricity:residual_mix,0.11,kg CO2-e/kWh,"DCCEEW (2026) National Greenhouse Accounts Factors 2026; C4; p. 11; Table 2 Indirect (scope 2 and scope 3) market-based emission factors associated with the consumption and losses of purchased or acquired electricity, row ""National"", column ""Scope 3 Emission Factors (kg CO2-e/kWh)"""
nga_scope3,DCCEEW NGA 2026,natural_gas:NSW_ACT:metro,13.1,kg CO2-e/GJ,"DCCEEW (2026) National Greenhouse Accounts Factors 2026; B4; p. 20; Table 6 Indirect (Scope 3) emission factors for the consumption of natural gas, row ""New South Wales and ACT"", column ""Scope 3 Emission Factors for Natural Gas (kg CO2-e/GJ), Metro"""
nga_scope3,DCCEEW NGA 2026,natural_gas:NSW_ACT:non_metro,14,kg CO2-e/GJ,"DCCEEW (2026) National Greenhouse Accounts Factors 2026; C4; p. 20; Table 6 Indirect (Scope 3) emission factors for the consumption of natural gas, row ""New South Wales and ACT"", column ""Scope 3 Emission Factors for Natural Gas (kg CO2-e/GJ), Non-Metro"""
nga_scope3,DCCEEW NGA 2026,natural_gas:VIC:metro,4,kg CO2-e/GJ,"DCCEEW (2026) National Greenhouse Accounts Factors 2026; B5; p. 20; Table 6 Indirect (Scope 3) emission factors for the consumption of natural gas, row ""Victoria"", column ""Scope 3 Emission Factors for Natural Gas (kg CO2-e/GJ), Metro"""
nga_scope3,DCCEEW NGA 2026,natural_gas:VIC:non_metro,4,kg CO2-e/GJ,"DCCEEW (2026) National Greenhouse Accounts Factors 2026; C5; p. 20; Table 6 Indirect (Scope 3) emission factors for the consumption of natural gas, row ""Victoria"", column ""Scope 3 Emission Factors for Natural Gas (kg CO2-e/GJ), Non-Metro"""
nga_scope3,DCCEEW NGA 2026,natural_gas:QLD:metro,8.8,kg CO2-e/GJ,"DCCEEW (2026) National Greenhouse Accounts Factors 2026; B6; p. 20; Table 6 Indirect (Scope 3) emission factors for the consumption of natural gas, row ""Queensland"", column ""Scope 3 Emission Factors for Natural Gas (kg CO2-e/GJ), Metro"""
nga_scope3,DCCEEW NGA 2026,natural_gas:QLD:non_metro,7.9,kg CO2-e/GJ,"DCCEEW (2026) National Greenhouse Accounts Factors 2026; C6; p. 20; Table 6 Indirect (Scope 3) emission factors for the consumption of natural gas, row ""Queensland"", column ""Scope 3 Emission Factors for Natural Gas (kg CO2-e/GJ), Non-Metro"""
nga_scope3,DCCEEW NGA 2026,natural_gas:SA:metro,10.7,kg CO2-e/GJ,"DCCEEW (2026) National Greenhouse Accounts Factors 2026; B7; p. 20; Table 6 Indirect (Scope 3) emission factors for the consumption of natural gas, row ""South Australia"", column ""Scope 3 Emission Factors for Natural Gas (kg CO2-e/GJ), Metro"""
nga_scope3,DCCEEW NGA 2026,natural_gas:SA:non_metro,10.6,kg CO2-e/GJ,"DCCEEW (2026) National Greenhouse Accounts Factors 2026; C7; p. 20; Table 6 Indirect (Scope 3) emission factors for the consumption of natural gas, row ""South Australia"", column ""Scope 3 Emission Factors for Natural Gas (kg CO2-e/GJ), Non-Metro"""
nga_scope3,DCCEEW NGA 2026,natural_gas:WA:metro,4.1,kg CO2-e/GJ,"DCCEEW (2026) National Greenhouse Accounts Factors 2026; B8; p. 20; Table 6 Indirect (Scope 3) emission factors for the consumption of natural gas, row ""Western Australia"", column ""Scope 3 Emission Factors for Natural Gas (kg CO2-e/GJ), Metro"""
nga_scope3,DCCEEW NGA 2026,natural_gas:WA:non_metro,4,kg CO2-e/GJ,"DCCEEW (2026) National Greenhouse Accounts Factors 2026; C8; p. 20; Table 6 Indirect (Scope 3) emission factors for the consumption of natural gas, row ""Western Australia"", column ""Scope 3 Emission Factors for Natural Gas (kg CO2-e/GJ), Non-Metro"""
nga_scope3,DCCEEW NGA 2026,natural_gas:TAS:metro,null (printed C),kg CO2-e/GJ,"DCCEEW (2026) National Greenhouse Accounts Factors 2026; B9; p. 20; Table 6 Indirect (Scope 3) emission factors for the consumption of natural gas, row ""Tasmania"", column ""Scope 3 Emission Factors for Natural Gas (kg CO2-e/GJ), Metro"""
nga_scope3,DCCEEW NGA 2026,natural_gas:TAS:non_metro,null (printed C),kg CO2-e/GJ,"DCCEEW (2026) National Greenhouse Accounts Factors 2026; C9; p. 20; Table 6 Indirect (Scope 3) emission factors for the consumption of natural gas, row ""Tasmania"", column ""Scope 3 Emission Factors for Natural Gas (kg CO2-e/GJ), Non-Metro"""
nga_scope3,DCCEEW NGA 2026,natural_gas:NT:metro,null (printed C),kg CO2-e/GJ,"DCCEEW (2026) National Greenhouse Accounts Factors 2026; B10; p. 20; Table 6 Indirect (Scope 3) emission factors for the consumption of natural gas, row ""Northern Territory"", column ""Scope 3 Emission Factors for Natural Gas (kg CO2-e/GJ), Metro"""
nga_scope3,DCCEEW NGA 2026,natural_gas:NT:non_metro,null (printed C),kg CO2-e/GJ,"DCCEEW (2026) National Greenhouse Accounts Factors 2026; C10; p. 20; Table 6 Indirect (Scope 3) emission factors for the consumption of natural gas, row ""Northern Territory"", column ""Scope 3 Emission Factors for Natural Gas (kg CO2-e/GJ), Non-Metro"""
